Arm,Study,Journal_Year,Disease,Compartment,Modality,Patients,Cells_or_samples,Repository,Accession,Access,Link,Availability_comment
MF skin - scRNA (re-analysis arm),Liu et al. 2022,Nat Commun 2022,"MF (11 CD4-MF, 2 CD8-MF) + 2 pcALCL",Skin,"scRNA (10x 5'+3') + scTCR + Smart-Seq2 + bulk WES",15,"19 lesions; 60,324 cells; 13 paired WES",NGDC GSA-Human (Peking),See paper data-availability,Open (verify in paper),https://www.nature.com/articles/s41467-022-28799-3#data-availability,"Raw scRNA+scTCR+paired WES deposited (Chinese NGDC/GSA). Largest standalone MF-skin scRNA outside the atlas; likely one of the 3 datasets integrated into Li 2024, so expect patient overlap. Confirm exact GSA/HRA code in the Nature data-availability statement."
MF skin - scRNA (re-analysis arm),Srinivas et al. 2024,Front Oncol 2024,MF,Skin,scRNA (10x 5') + scTCR,"7 sequenced (12 enrolled)","18,630 T cells (13,592 malignant)",EGA (Becker/DKFZ group),See paper data-availability,Controlled (likely EGA) - verify,https://www.ncbi.nlm.nih.gov/pmc/articles/PMC11337020/,"Becker/Essen-Copenhagen group typically deposits raw scRNA under controlled-access EGA. Check data-availability; may require a data-access agreement rather than open download."
MF skin - scRNA (re-analysis arm),Chennareddy et al. 2025,Br J Dermatol 2025,"CD4+ MF, TCR-gd+ MF, CD8+ Berti (+4 HC)",Skin,scRNA (10x 5') + scTCR,18 CTCL (+4 HC),"18 biopsies; raw + processed",GEO,GSE266862,Open,https://www.ncbi.nlm.nih.gov/geo/query/acc.cgi?acc=GSE266862,"CONFIRMED open: raw + processed 10x matrices. Only CD4+ MF arm directly comparable; gd-MF and Berti are TRM-like cytotoxic and need separate handling. Shares HCs with earlier Brunner-lab deposits - do not double-count."
MF skin - scRNA (re-analysis arm),Zhao et al. 2025,Front Immunol 2025,MF,Skin,scRNA (10x) - CAF focus,Small MF cohort,Not stated in abstract,GSA/GEO (Hangzhou group),See paper data-availability,Verify in paper,https://pubmed.ncbi.nlm.nih.gov/39963655/,"CAF-malignant crosstalk (SOX4). Chinese group; deposit likely GSA or GEO - confirm exact accession and whether raw counts or processed only."
MF skin - scRNA (context),"Geskin-lab CAF preprint 2025 (Johns Hopkins / Johnson-Timp-Hicks)",medRxiv 2025,MF (early+late) + 1 HC,Skin,scRNA (10x),4 MF + 1 HC,"28,902 cells",medRxiv (preprint),Deposit pending,Preprint - check,https://www.medrxiv.org,"NOTE: project methods doc mis-attributes this to Geskin/Fuschiotti; it is the Johns Hopkins (Johnson/Timp/Hicks) CAF pilot. Pilot scale, racial-diversity emphasis. GEO accession may not post until peer review."
MF skin - scRNA (foundational),Gaydosik et al. 2019,Clin Cancer Res 2019,Advanced CTCL (8 MF + 2 SS) + 4 HC,Skin,scRNA (10x 3'; no TCR),5 CTCL + 4 HC,"14,056 CD3+ cells",GEO,GSE128531,Open,https://www.ncbi.nlm.nih.gov/geo/query/acc.cgi?acc=GSE128531,"CONFIRMED open. CD3+ enriched only. Malignant cells called by patient-private clustering (no TCR/CNV) - weakest malignant-labeling method in the corpus; treat labels with caution."
MF multi-compartment scRNA,Rindler et al. 2021 (Front Immunol),Front Immunol 2021,MF (stage IVB),Skin + Blood + LN,scRNA (10x 5') + scTCR,1,"9,028 cells",GEO,GSE165623,Open,https://www.ncbi.nlm.nih.gov/geo/query/acc.cgi?acc=GSE165623,"CONFIRMED open. Single-patient TRM<->TCM plasticity across 3 compartments. FACS-sorted fractions; good for compartment-comparison logic but n=1."
MF skin - scRNA (foundational),Rindler et al. 2021 (Mol Cancer),Mol Cancer 2021,"MF (incl. 1 gd-MF) + early MF + HC",Skin,scRNA (10x 5' v1.1) + scTCR,7 advanced + 3 early,"~47,172 + 22,051 cells",GEO,GSE173205,Open,https://www.ncbi.nlm.nih.gov/geo/query/acc.cgi?acc=GSE173205,"CONFIRMED open (disambiguated: GSE173205 is THIS paper, not Liu 2022). Patch vs plaque/tumor progression; explicit >30% dead-cell QC. Strong fit for a stage-stratified MF-skin arm."
MF/SS skin+blood multimodal,Herrera et al. 2021,Blood 2021,Leukemic MF / SS,Skin + Blood,"ECCITE-seq (RNA + 49-ADT + TCRab + TCRgd + HTO)",5 skin+blood + 2 blood-only,"Per ECCITE-seq",GEO,GSE171811,Open,https://www.ncbi.nlm.nih.gov/geo/query/acc.cgi?acc=GSE171811,"CONFIRMED open. First CTCL multimodal (5-modality). Surface-protein ADTs let you anchor CD7/CD26 loss, CCR4, KIR3DL2 at protein level - useful CITE-seq bridge to Childs 2026."
Atlas (MF skin integrated),"Li, Strobl, Poyner et al. (Haniffa) 2024",Nat Immunol 2024,MF (early + advanced),Skin (epidermis/dermis split),"scRNA (10x 5'+VDJ fresh) + 10x Flex FFPE + Visium + RareCyte IF",45 integrated (18 new + 3 public datasets),"~420,000 cells; 23 Visium sections",EMBL-EBI ArrayExpress,"E-MTAB-14559; E-MTAB-12303; E-MTAB-13614",Open,https://www.ebi.ac.uk/biostudies/arrayexpress/studies/E-MTAB-14559,"CONFIRMED open, no restrictions. Reference atlas; also browsable at collections.cellatlas.io/ctcl. This is your local object. The three accessions cover the fresh, FFPE-Flex, and spatial libraries."
MF skin - spatial (GeoMx),Danielsen et al. 2024,Front Oncol 2024,MF (6 progressors / 9 indolent),Skin (FFPE diagnostic),GeoMx DSP-WTA (ROI-level),15,5 ROIs/sample (ROI counts),GEO / Supplement,See paper data-availability,Summary-level (ROI) - verify,https://www.ncbi.nlm.nih.gov/pmc/articles/PMC11491341/,"RUNX2 progression biomarker. DSP gives ROI/region-level counts (epidermis, basal, CD4 T-cell, Pautrier), NOT single-cell raw matrices - belongs to the platform-homogeneous DSP arm, not the scRNA mega-analysis."
MF skin - spatial (GeoMx),Choi/Park et al. 2025,Blood Adv 2025,"MF (patch/plaque/tumor; incl. stage I progressors)",Skin (FFPE),GeoMx DSP-WTA (ROI-level),27,"Lymphoma + immune ROIs (ROI counts)",GEO / Supplement,See paper data-availability,Summary-level (ROI) - verify,https://ashpublications.org/bloodadvances,"Largest spatial MF cohort; 46-gene progression signature. ROI-level DSP counts (CD3/CD4/CD30 morphology). Pair with Danielsen for the DSP arm; not poolable with scRNA."
MF skin - spatial (GeoMx),Folliculotropic vs classic MF 2025,J Invest Dermatol 2025,"MF (folliculotropic vs classic)",Skin (FFPE),GeoMx DSP-WTA (ROI-level),Matched FMF/CMF,Perifollicular vs dermal ROIs,Supplement,See paper data-availability,Summary-level (ROI) - verify,https://www.jidonline.org,"Perifollicular FMF malignant CD4 hyperinflammatory + M2 macrophages. ROI counts; FFPE."
MF skin - spatial (GeoMx + proteomics),Amechi et al. 2025,J Invest Dermatol 2025,MF (skin-of-color cohort),Skin (FFPE),GeoMx DSP-WTA + spatial proteomics,Skin-of-color MF,Perifollicular vs interfollicular ROIs,Supplement,See paper data-availability,Summary-level (ROI) - verify,https://www.jidonline.org,"Fills demographic gap; dual transcriptomic+proteomic spatial. ROI-level."
MF skin - spatial (MELC imaging),Sarkar et al. 2024,npj Syst Biol Appl 2024,CTCL vs AD vs psoriasis,Skin (FFPE),MELC multiplex protein imaging (>=35 channels; NO RNA),"69 (21 CTCL, 23 AD, 25 PSO)","Spatial protein graphs (no scRNA cells)",Zenodo,10.5281/zenodo.11125482,Open,https://doi.org/10.5281/zenodo.11125482,"CONFIRMED open (data) + code at github.com/bionets/shout. Protein imaging only - no transcriptomic counts; usable for spatial-organization (entropy/egophily) analysis, not DE meta-analysis."
SS/blood - scRNA (validation),Buus et al. 2018,Blood Adv 2018,SS,Blood (PBMC),Targeted scRNA panel + flow + ex-vivo HDACi,Small SS cohort,Targeted panel (not WT),See paper,Not a standard 10x GEO deposit,Verify in paper,https://ashpublications.org/bloodadvances,"Targeted panel (pre-droplet) + flow - not whole-transcriptome; limited use for a transcriptome-wide DE meta-analysis. Historical/conceptual value."
SS/blood - scRNA (validation),Borcherding et al. 2019,Clin Cancer Res 2019,SS + 4 HC,Blood (PBMC),scRNA (10x) + Monocle,1 SS + 4 HC,"~7,879 cells (3,443 malignant)",GEO,GSE124899 (original deposit),Open (verify split),https://www.ncbi.nlm.nih.gov/geo/query/acc.cgi?acc=GSE124899,"GSE124899 is the Jabbari-lab SS deposit, re-listed in Borcherding 2023 (GSE124899 + GSE146586). Small n; FOXP3->GATA3/IKZF2 trajectory + 19-gene stage classifier. Verify the 2019-vs-2023 series split on GEO."
SS multimodal (blood+skin),Xue et al. 2022,Cell Death Dis 2022,SS + HC (+ MF/PsoE validation),Blood + Skin,scRNA + scATAC (10x),1 SS index + validation cohort,"40,333 PBMC + 41,580 skin + 11,058 ATAC",GSA/GEO (Shandong group),See paper data-availability,Verify in paper,https://www.ncbi.nlm.nih.gov/pmc/articles/PMC9674677/,"ONLY scATAC dataset in CTCL. n=1 index for the multiomic core; 5-gene panel TOX/DNM3/KLHL42/PGM2L1/SESN3 (note SESN3 = your flagged cross-study discrepancy). Confirm exact GSA/GEO code."
CTCL myeloid scRNA,Du et al. 2022,Cancer Letters 2022,Advanced CTCL + HC,Skin,scRNA (10x),Small,Not stated in abstract,See paper,Verify in paper,https://www.sciencedirect.com/,"T-myeloid signaling (S100A9-TLR4-NFkB; tasquinimod validation). Confirm deposit + raw-count availability."
SS treatment - scRNA,Gaydosik et al. 2022 (pembrolizumab),OncoImmunology 2022,SS (3 responders / 3 non-responders),Blood (PBMC),scRNA (10x 5') + scTCR; pre/post,6,"118,961 T cells",dbGaP,phs002933.v1.p1,Controlled (dbGaP),https://www.ncbi.nlm.nih.gov/projects/gap/cgi-bin/study.cgi?study_id=phs002933.v1.p1,"CONFIRMED controlled-access (dbGaP) - requires data-access request; NOT an open download. KIR3DL2-low predicts anti-PD-1 response. (Stanford/Khodadoust group.)"
SS/blood - scRNA (validation),Borcherding et al. 2023,Blood Adv 2023,SS (treatment course),Blood (PBMC),scRNA (10x 5') + scTCR,6,"~50,000 T cells (TCR on 43,074)",GEO,GSE124899 + GSE146586,Open,https://www.ncbi.nlm.nih.gov/geo/query/acc.cgi?acc=GSE146586,"CONFIRMED open: raw + processed. Photopheresis/vorinostat timepoints; CDO1/DNM3 markers. scRepertoire-based. Good SS validation arm."
SS/blood - scRNA (validation),Peiffer et al. 2023,Front Oncol 2023,SS,Blood + Skin,scRNA (10x 5') + scTCR; no presort,1,Not stated,EGA (Becker group),See paper data-availability,Controlled (likely EGA) - verify,https://www.ncbi.nlm.nih.gov/pmc/articles/PMC9905421/,"Single-patient SS blood->skin plasticity (matches Rindler 2021 design). Becker group - expect controlled-access EGA."
SS treatment - scRNA,Borcherding et al. 2024 (moga + IFN),Blood Adv 2024,SS,Blood (PBMC),scRNA (10x 5') + in vitro/in vivo,SS cohort,Not stated,GEO,See paper data-availability,Verify in paper,https://ashpublications.org/bloodadvances,"Mogamulizumab + type-I IFN restores monocyte phagocytosis. Confirm GEO accession; Jabbari/Borcherding lab usually deposits openly."
SS - scRNA + CITE (validation),Childs et al. 2026 (preprint May 2025),JEADV 2026,SS / leukemic-MF + 7 HC,Blood (PBMC),scRNA (10x 5'+VDJ) + CITE-seq (n=7) + TCR,22 (8 in-house + 14 public) + 7 HC,"144,321 PBMC -> 70,519 QC",GEO/Zenodo + reused public,See paper data-availability,Partly open (14/22 reused public),https://www.medrxiv.org/content/10.1101/2025.05.20.25327833v1,"14/22 patients are RE-USED public datasets (overlap risk with other rows). In-house 8 + CITE-seq deposit per paper - confirm. Three MTC states (CM/E-EM/Reg); protein-validated. Best modern SS-blood validation set."
SS treatment - scRNA,"Geskin, Gaydosik, Lapolla, Fuschiotti 2026 (dupilumab)",Cancer Immunol Res 2026,SS (pre/post REGN668),Blood (PBMC),scRNA (10x 5') + scTCR,SS cohort,Not stated,GEO,GSE290850,Open,https://www.ncbi.nlm.nih.gov/geo/query/acc.cgi?acc=GSE290850,"CONFIRMED open. IL-4/IL-13 dual blockade reduces malignant proliferation + reverses immunosuppressive TME. Cleanest treatment-cohort GEO deposit."
Multi-omic (NEW - not in corpus),"Dorando, Andrews, Borcherding, Payton et al. 2025",bioRxiv 2025 (preprint),CTCL (MF/SS; serial/longitudinal),Skin + Blood + LN,"Exome + WGS + epigenome + bulk RNA + scVDJ + scRNA",35,"114 serial samples; 26 eWGS (10 pts); 68 bulk (35 pts)",bioRxiv (deposit pending),See preprint data-availability,Preprint - check (likely dbGaP/GEO),https://www.biorxiv.org/content/10.1101/2025.02.11.637715v1,"NEW addition - most multi-omic + most longitudinal CTCL dataset to date (WashU Payton lab). Serial single-patient clonal-evolution design. Public accession likely not posted until peer review; watch for dbGaP (genomic) + GEO (scRNA)."
Bulk multi-omic (context),Licht & Mailaender 2024,Cancers 2024,MF (stratified by S. aureus),Skin + swabs,"Bulk RNA + microbiome + virome + TCR (MOFA)",10,Bulk (not single-cell),See paper,Verify in paper,Context only,https://www.mdpi.com/journal/cancers,"NOT single-cell. Etiologic context (spa+ S. aureus -> NF-kB). Include only as a bulk cross-reference, not in the scRNA/spatial meta-analysis."
